"","year","macrounit","MDperKMsqSpring_mean","MDperKMsqFall_mean","AvrgWinterMinTemp","HuntDen_All_mean","HuntDen_Aless_mean","CoyoteDen_mean","WTailDen_mean","WellDen_mean","WoodyVeg_mean","MaleFall_mean","FemaleFall_mean","FawnFall_mean","MDperKMsqFall_mean_tplus1","MDperKMsqFall_mean_tplus2","MDperKMsqSpring_mean_tplus1","HuntDen_All_mean_tplus1","HuntDen_Aless_mean_tplus1","AvrgWinterMinTemp_tplus1","WinterMort_mean","RatioSprAut_mean","FawnTotalRatio_mean","FawnTotalRatio_mean_tminus1","FawnFemaleRatio_mean","RepRateFall_mean","RepRateFall_mean_tminus1"
"1",1962,"0-1",0.5774498887,0.7598024851,-13.8,0.9789316876,0.4073815097,0,0,0,4.01126813643333,6,7,12,0.6078419881,1.3980365727,NA,NA,NA,NA,NA,NA,0.923076923076923,NA,1.71428571428571,-0.199999999973677,NA
"2",1963,"0-1",0.6686261869,0.6078419881,-10,0.4894658438,0,0,0,0,3.96275932776667,3,6,11,1.3980365727,1.5196049703,0.5774498887,0.9789316876,0.4073815097,-13.8,-0.0303920994,0.950000000008226,1.22222222222222,0.923076923076923,1.83333333333333,1.30000000011516,-0.199999999973677
"3",1964,"0-1",0.5774498887,1.3980365727,-11.1,0.9242087982,NA,0,0,0,3.91425051916667,5,17,24,1.5196049703,1.0941155786,0.6686261869,0.4894658438,0,-10,-0.7294103858,0.478260869534118,1.09090909090909,1.22222222222222,1.41176470588235,0.0869565217204708,1.30000000011516
"4",1965,"0-1",0.972547181,1.5196049703,-13.9,1.2191043687,NA,0,0,0,3.86574171046667,8,22,20,1.0941155786,1.4892128709,0.5774498887,0.9242087982,NA,-11.1,-0.9421550816,0.379999999990787,0.666666666666667,1.09090909090909,0.909090909090909,-0.280000000010529,0.0869565217204708
"5",1966,"0-1",0.8813708828,1.0941155786,-11.4,1.3802328763,NA,0,0,0,3.81723290186667,9,12,15,1.4892128709,0.4862735905,0.972547181,1.2191043687,NA,-13.9,-0.1215683976,0.888888888909199,0.714285714285714,0.666666666666667,1.25,0.361111111136499,-0.280000000010529
"6",1967,"0-1",0.8813708828,1.4892128709,-9.8,1.1765421214,NA,0,0,0,3.7687240932,13,15,21,0.4862735905,1.0941155786,0.8813708828,1.3802328763,NA,-11.4,-0.6078419881,0.591836734708952,0.75,0.714285714285714,1.4,-0.673469387753732,0.361111111136499
"7",1968,"0-1",0.4254893917,0.4862735905,-10.4,0.3617791019,0,0,0,0,3.72021528456667,6,6,4,1.0941155786,1.37744591965,0.8813708828,1.1765421214,NA,-9.8,0.3950972923,1.81250000003856,0.333333333333333,0.75,0.666666666666667,1.24999999994859,-0.673469387753732
"8",1969,"0-1",0.6990182863,1.0941155786,-11.7,1.0366947375,NA,0,0,0,3.6717064759,7,11,18,1.37744591965,1.19318242195,0.4254893917,0.3617791019,0,-10.4,-0.6686261869,0.3888888889092,1,0.333333333333333,1.63636363636364,0.258958328161767,1.24999999994859
"9",1970,"0-1",0.58953264645,1.37744591965,-10.2,1.0488553796,NA,0,0,0,3.6231976673,11,15.5,21.5,1.19318242195,0.99372287455,0.6990182863,1.0366947375,NA,-11.7,-0.67842763335,0.50747421465201,0.811320754716981,1,1.38709677419355,-0.133771856354854,0.258958328161767
"10",1971,"0-1",0.78301255,1.19318242195,-10.3,1.2434256529,NA,0,0.15794014089,0,3.5746888586,11.5,12.5,17,0.99372287455,2.11391486995,0.58953264645,1.0488553796,NA,-10.2,-0.6036497755,0.494084253677267,0.708333333333333,0.811320754716981,1.36,-0.167166012280022,-0.133771856354854
"11",1972,"0-1",0.4740673627,0.99372287455,-11.2,1.2343051713,NA,0.028211783183,0.3422036386,0,3.52618005,8,12.5,13,2.11391486995,1.869452214,0.78301255,1.2434256529,NA,-10.3,-0.21071032455,0.787958665392081,0.634146341463415,0.708333333333333,1.04,1.12726799803946,-0.167166012280022
"12",1973,"0-1",0.87012010565,2.11391486995,-8.9,0.4560240781,0.0030401605,0.014105891592,0.46065874427,0,3.47767124133333,18,25.5,29,1.869452214,1.9758245619,0.4740673627,1.2343051713,NA,-11.2,-1.63984750725,0.22426038505099,0.666666666666667,0.634146341463415,1.13725490196078,-0.115644513137741,1.12726799803946
"13",1974,"0-1",1.1486731935,1.869452214,-10,0.5411485726,0,0,0.658083920385,0,3.4291624327,9,23.5,34.5,1.9758245619,1.4588207715,0.87012010565,0.4560240781,0.0030401605,-8.9,-0.99933210835,0.465441212743403,1.06153846153846,0.666666666666667,1.46808510638298,0.056900276510625,-0.115644513137741
"14",1975,"0-1",0.7576446438,1.9758245619,-10.1,1.1826224425,0.6749156355,0.014105891592,0.434335387455,0,3.38065362403333,9.5,26,35,1.4588207715,2.097054859,1.1486731935,0.5411485726,0,-10,-0.8271513684,0.581363960976074,0.985915492957746,1.06153846153846,1.34615384615385,-0.261664826103203,0.056900276510625
"15",1976,"0-1",1.01801186005,1.4588207715,-8.6,1.033654577,0.5411485726,0,0.648990984565,0,3.33214481543333,4,20,24,2.097054859,0.9257566412,0.7576446438,1.1826224425,0.6749156355,-10.1,-0.7011761277,0.519354165091143,1,0.985915492957746,1.2,0.437499999978579,-0.261664826103203
"16",1977,"0-1",0.58043971065,2.097054859,-10.6,1.0610160216,0.6840361171,0.060784198811,0.11845510567,0,3.28363600673333,20,25,24,0.9257566412,0.5774498887,1.01801186005,1.033654577,0.5411485726,-8.6,-1.07904299895,0.485448368544564,0.533333333333333,1,0.96,-0.558544385604936,0.437499999978579
"17",1978,"0-1",1.1051194157,0.9257566412,-12.1,1.0062931323,0.5624296963,0.014105891592,0.131616784075,0,3.23512719813333,2.5,13,16.5,0.5774498887,1.276468175,0.58043971065,1.0610160216,0.6840361171,-10.6,-0.34531693055,0.626989518430689,1.06451612903226,0.533333333333333,1.26923076923077,-0.376240079734683,-0.558544385604936
"18",1979,"0-1",0.3028420734,0.5774498887,-14,0.8482047852,0.5624296963,0,0.039485035225,0,3.18661838946667,5,6,8,1.276468175,1.2667671302,1.1051194157,1.0062931323,0.5624296963,-12.1,0.527669527,1.91379275903565,0.727272727272727,1.06451612903226,1.33333333333333,1.21052631575302,-0.376240079734683
"19",1980,"0-1",0.3180381231,1.276468175,-9.7,0.4043413492,0.1216064208,0,0.144778462485,0,3.13810958083333,16,11,15,1.2667671302,1.5325812536,0.3028420734,0.8482047852,0.5624296963,-14,-0.9736261016,0.237249999123558,0.555555555555556,0.727272727272727,1.36363636363636,-0.00759991121596127,1.21052631575302
"20",1981,"0-1",0.919759125133333,1.2667671302,-6.8,0.449943757,0.1550481865,0.014524751562,0.189688487826667,0.0396656024033333,3.08960077216667,7,16,20.5,1.5325812536,2.11108344475,0.3180381231,0.4043413492,0.1216064208,-9.7,-0.9487290071,0.251062816138739,0.891304347826087,0.555555555555556,1.28125,0.20983661247828,-0.00759991121596127
"21",1982,"0-1",1.51508655006667,1.5325812536,-11.5,0.6445140303,0.2188915575,0.043574254687,0.112074664913333,0.0202613996033333,3.04109196353333,9,22,21.5,2.11108344475,1.32127633653333,0.919759125133333,0.449943757,0.1550481865,-6.8,-0.612822128466667,0.600137267092912,0.693548387096774,0.891304347826087,0.977272727272727,0.377469181350816,0.20983661247828
"22",1983,"0-1",1.189574435,2.11108344475,-6.9,0.7113975618,0.2553734837,0.029049503125,0.505568769613333,0.0202613996033333,2.9925831549,11,26,35,1.32127633653333,0.391806421433333,1.51508655006667,0.6445140303,0.2188915575,-11.5,-0.595996894683334,0.717681981654727,0.945945945945946,0.693548387096774,1.34615384615385,-0.374124059463788,0.377469181350816
"23",1984,"0-1",1.78160800076667,1.32127633653333,-9,1.1400601952,0.4925060043,0.009360047092,0.40235087032,0.0202613996033333,2.94407434623333,11.3333333333333,17.6666666666667,17.6666666666667,0.391806421433333,0.58855506,1.189574435,0.7113975618,0.2553734837,-6.9,-0.131701901533333,0.900322212778832,0.609195402298851,0.945945945945946,1,-0.703463680836572,-0.374124059463788
"24",1985,"0-1",0.726665387933333,0.391806421433333,-10.3,1.1826224425,0.6566746724,0.102960518011,0.09723825543,0.0202613996033333,2.89556553763333,1.33333333333333,5.66666666666667,6.33333333333333,0.58855506,0.4120530638,1.78160800076667,1.1400601952,0.4925060043,-9,1.38980157933333,4.54716386283069,0.904761904761905,0.609195402298851,1.11764705882353,0.502157769254795,-0.703463680836572
"25",1986,"0-1",0.520716687,0.58855506,-9,0.7235582039,0.3952208677,0.029049503125,0.0175489045433333,0.0202613996033333,2.84705672893333,3.5,7.5,9,0.4120530638,0.8559218465,0.726665387933333,1.1826224425,0.6566746724,-10.3,0.138110327933333,1.23465999584361,0.818181818181818,0.904761904761905,1.2,-0.29989037253371,0.502157769254795
"26",1987,"0-1",0.5959496348,0.4120530638,-5.9,0.3465782993,0.1641686681,0,0.0692005050033333,0.0202613996033333,2.79854792033333,0.333333333333333,6.33333333333333,7.66666666666667,0.8559218465,0.964808687666667,0.520716687,0.7235582039,0.3952208677,-9,0.1086636232,1.26371269320968,1.15,0.818181818181818,1.21052631578947,1.07721267403424,-0.29989037253371
"27",1988,"0-1",0.948918136166667,0.8559218465,-9.3,0.4529839176,0.1884899523,0.018720094184,0,0.0202613996033333,2.75003911166667,5,12,13.6666666666667,0.964808687666667,1.35631256603333,0.5959496348,0.3465782993,0.1641686681,-5.9,-0.2599722117,0.696266414085506,0.803921568627451,1.15,1.13888888888889,0.127215868612213,1.07721267403424
"28",1989,"0-1",0.9019899909,0.964808687666667,-9.7,0.5411485726,0.2097710759,0.009360047092,0.131616784076667,0.0303920994066667,2.70153030303333,6.66666666666667,11.6666666666667,15,1.35631256603333,1.45626630483333,0.948918136166667,0.4529839176,0.1884899523,-9.3,-0.0158905514999998,0.983529842026578,0.818181818181818,0.803921568627451,1.28571428571429,0.405783948021339,0.127215868612213
"29",1990,"0-1",0.718513145566667,1.35631256603333,-7.6,0.7326786854,0.3131365336,0.074880376735,0.184263497706667,0.0202613996033333,2.65302149436667,8.66666666666667,20,19,1.45626630483333,NA,0.9019899909,0.5411485726,0.2097710759,-9.7,-0.454322575133333,0.665031065470371,0.662790697674419,0.818181818181818,0.95,0.0736952095727643,0.405783948021339
"30",1991,"0-1",1.2735053141,1.45626630483333,-8.5,0.8482047852,0.3344176573,0.056160282551,0.05264671363,0.0303920994066667,2.60451268573333,6,19.3333333333333,25.3333333333333,NA,1.500960272,0.718513145566667,0.7326786854,0.3131365336,-7.6,-0.737753159266667,0.493394060675529,1,0.662790697674419,1.31034482758621,NA,0.0736952095727643
"31",1992,"0-1",0.708773094566667,NA,-6.6,0.9758915271,0.3556987809,NA,0.211306134963333,0.0202613996033333,2.55600387706667,NA,NA,NA,1.500960272,1.5804531152,1.2735053141,0.8482047852,0.3344176573,-8.5,NA,NA,NA,1,NA,NA,NA
"32",1993,"0-1",1.64094952816667,1.500960272,-9.9,1.1674216399,0.5745903384,0.04680023546,0.23691021134,0,2.50749506846667,7.33333333333333,20,26.3333333333333,1.5804531152,1.6292483277,0.708773094566667,0.9758915271,0.3556987809,-6.6,-0.792187177433333,0.472213094369407,0.963414634146341,NA,1.31666666666667,0.0529613239490192,NA
"33",1994,"0-1",1.08534946943333,1.5804531152,-9.5,1.1613413188,0.589791141,0.009360047092,0.240341986836667,0,2.45898625976667,9,20,26.3333333333333,1.6292483277,1.31798845393333,1.64094952816667,1.1674216399,0.5745903384,-9.9,0.0604964129666667,1.03827789156467,0.908045977011494,0.963414634146341,1.31666666666667,0.0308741917306578,0.0529613239490192
"34",1995,"0-1",2.0349781054,1.6292483277,-8.4,0.9606907245,0.4894658438,0,0.05364481508,0.0202613996033333,2.41047745116667,7.66666666666667,22.3333333333333,27.3333333333333,1.31798845393333,1.05794270956667,1.08534946943333,1.1613413188,0.589791141,-9.5,-0.543898858266667,0.666165771650976,0.911111111111111,0.908045977011494,1.22388059701493,-0.191045077950806,0.0308741917306578
"35",1996,"0-1",1.31332956663333,1.31798845393333,-10.9,0.7144377223,0.3222570152,0.018720094184,0.05264671363,0.0682024035533333,2.3619686425,7,19.3333333333333,20.3333333333333,1.05794270956667,1.27382261436667,2.0349781054,0.9606907245,0.4894658438,-8.4,0.716989651466667,1.54400298373398,0.772151898734177,0.911111111111111,1.05172413793103,-0.197305024630982,-0.191045077950806
"36",1997,"0-1",1.11271775006667,1.05794270956667,-10.9,0.6171525857,0.304016052,0.037440188368,0.05264671363,0.09552386182,2.31345983386667,5.33333333333333,20.6666666666667,12,1.27382261436667,1.87333596446667,1.31332956663333,0.7144377223,0.3222570152,-10.9,0.255386857066667,1.24139951507513,0.461538461538462,0.772151898734177,0.580645161290323,0.204056328237683,-0.197305024630982
"37",1998,"0-1",1.19746796843333,1.27382261436667,-7.8,0.3982610282,0.1550481865,0.065520329643,0,0.09552386182,2.2649510252,6,19.3333333333333,19.6666666666667,1.87333596446667,NA,1.11271775006667,0.6171525857,0.304016052,-10.9,-0.1611048643,0.873526452990395,0.776315789473684,0.461538461538462,1.01724137931034,0.470641157833481,0.204056328237683
"38",1999,"0-1",1.56150966806667,1.87333596446667,-6.5,0.5168272885,0.228012039,0.112320565103,0.05564101798,0.09552386182,2.2164422166,10.3333333333333,30,26.3333333333333,NA,2.2922791054,1.19746796843333,0.3982610282,0.1550481865,-7.8,-0.675867996033333,0.639216878951154,0.652892561983471,0.776315789473684,0.877777777777778,NA,0.470641157833481
"39",2000,"0-1",1.03591728986667,NA,-7.5,0.7448393275,0.3708995835,NA,0.15259746412,0.09552386182,2.1679334079,NA,NA,NA,2.2922791054,1.3161678408,1.56150966806667,0.5168272885,0.228012039,-6.5,NA,NA,NA,0.652892561983471,NA,NA,NA
"40",2001,"0-1",1.59956672806667,2.2922791054,-11.2,1.0275742559,0.5502690542,0.065520329643,0.122842331806667,0.09552386182,2.1194245993,19.6666666666667,32.3333333333333,28,1.3161678408,2.33513253156667,1.03591728986667,0.7448393275,0.3708995835,-7.5,-1.25636181553333,0.451915862874779,0.538461538461538,NA,0.865979381443299,-0.425825660714937,NA
"41",2002,"0-1",1.64805703093333,1.3161678408,-9.3,1.039734898,0.589791141,0.026323356815,0.243136795245,0.0853931620166667,2.07091579063333,6,23,21,2.33513253156667,2.35584317123333,1.59956672806667,1.0275742559,0.5502690542,-11.2,0.283398887266667,1.21532123676142,0.724137931034483,0.538461538461538,0.91304347826087,0.77419053951912,-0.425825660714937
"42",2003,"0-1",1.58729014003333,2.33513253156667,-8.2,0.9424497613,0.4925060043,0.018720094184,0.407221206696667,0.112356474203333,2.022406982,14.3333333333333,36,32.3333333333333,2.35584317123333,2.74567069766667,1.64805703093333,1.039734898,0.589791141,-9.3,-0.687075500633334,0.705765950606509,0.642384105960265,0.724137931034483,0.898148148148148,0.00886914956076242,0.77419053951912
"43",2004,"0-1",1.47075608376667,2.35584317123333,-8.8,0.9546104034,0.5016264859,0.009360047092,0.14517925938,0.12334437081,1.97389817333333,16.3333333333333,31.3333333333333,35.3333333333333,2.74567069766667,3.3127388352,1.58729014003333,0.9424497613,0.4925060043,-8.2,-0.7685530312,0.673767320089628,0.741258741258741,0.642384105960265,1.12765957446809,0.165472613454677,0.00886914956076242
"44",2005,"0-1",2.49838004243333,2.74567069766667,-6.6,1.0427750585,0.6080321041,0.037440188368,0.213522567576667,0.290202856893333,1.92538936473333,14.6666666666667,40,43,3.3127388352,1.7615080554,1.47075608376667,0.9546104034,0.5016264859,-8.8,-1.2749146139,0.535663685021131,0.786585365853659,0.741258741258741,1.075,0.206531736677396,0.165472613454677
"45",2006,"0-1",2.4496876929,3.3127388352,-5.8,1.2130240477,0.741799167,0.060784198811,0.22827965199,0.45691745006,1.87688055606667,15,43,51,1.7615080554,2.07862142556667,2.49838004243333,1.0427750585,0.6080321041,-6.6,-0.814358792766666,0.754173560525335,0.879310344827586,0.786585365853659,1.18604651162791,-0.468262322196113,0.206531736677396
"46",2007,"0-1",2.8285835475,1.7615080554,-9.2,1.1400601952,0.6809959566,0.028080141276,0.43344450467,0.46569190233,1.82837174743333,13.6666666666667,24.6666666666667,23.6666666666667,2.07862142556667,1.10919646675,2.4496876929,1.2130240477,0.741799167,-5.8,0.6881796375,1.39067640672454,0.617391304347826,0.879310344827586,0.959459459459459,0.180023797901201,-0.468262322196113
"47",2008,"0-1",2.37471301653333,2.07862142556667,-11.7,1.2343051713,0.7965220564,0.056160282551,0.630568942733333,0.455561202526667,1.7798629388,14.6666666666667,31.6666666666667,27,1.10919646675,1.47454880943333,2.8285835475,1.1400601952,0.6809959566,-9.2,0.749962121933334,1.36079784067889,0.58273381294964,0.617391304347826,0.852631578947368,-0.46637879649123,0.180023797901201
"48",2009,"0-1",1.54116894336667,1.10919646675,-11.2,1.0670963427,0.6293132277,0.05809900625,0.63176056357,0.455561202526667,1.7313541301,10.5,18,11,1.47454880943333,1.09689500806667,2.37471301653333,1.2343051713,0.7965220564,-11.7,1.26551654978333,2.14093092406917,0.385964912280702,0.58273381294964,0.611111111111111,0.329384697513357,-0.46637879649123
"49",2010,"0-1",1.4481698496,1.47454880943333,-10.9,0.6505943514,0.3435381388,0.074880376735,0.40298783741,0.455561202526667,1.6828453215,8.66666666666667,26.3333333333333,17.6666666666667,1.09689500806667,0.914777398533333,1.54116894336667,1.0670963427,0.6293132277,-11.2,0.0666201339333334,1.04518001269754,0.504761904761905,0.385964912280702,0.670886075949367,-0.256114818953873,0.329384697513357
"50",2011,"0-1",1.32409442943333,1.09689500806667,-12.2,0.29185541,0.1276867419,0.112320565103,0.588672150503333,0.455561202526667,1.63433651283333,13,16,10,0.914777398533333,1.07838662192,1.4481698496,0.6505943514,0.3435381388,-10.9,0.351274841533333,1.32024472620445,0.344827586206897,0.504761904761905,0.625,-0.166030119741656,-0.256114818953873
"51",2012,"0-1",0.818096785133333,0.914777398533333,-7.9,0.1276867419,0,0.009360047092,0.262737505706667,0.455561202526667,1.5858277042,8.66666666666667,19.3333333333333,4.33333333333333,1.07838662192,1.3829721824,1.32409442943333,0.29185541,0.1276867419,-12.2,0.4093170309,1.44744987311258,0.154761904761905,0.344827586206897,0.224137931034483,0.178851405433696,-0.166030119741656
"52",1962,"0-2",1.26149485416667,1.07838662192,-13.8,1.63384689964,0.67775156382,0,0,0,20.67733134486,7.4,21,19.4,1.3829721824,1.57308176713333,0.818096785133333,0.1276867419,0,-7.9,-0.260289836786667,0.758630317275972,0.683098591549296,0.154761904761905,0.923809523809524,0.282445603727636,0.178851405433696
"53",1963,"0-2",1.25827724771667,1.3829721824,-10,0.88366387099,0,0.079686291626,0.0459805056533333,0,20.59773215482,7.16666666666667,19.1666666666667,29,1.57308176713333,1.33052521206667,1.26149485416667,1.63384689964,0.67775156382,-13.8,-0.121477328233333,0.91216213183513,1.10126582278481,0.683098591549296,1.51304347826087,0.137464503735295,0.282445603727636
"54",1964,"0-2",1.58163302468333,1.57308176713333,-11.1,1.09268038382,NA,0.06710424558,0.00574756320666667,0.003757274284,20.51813296475,8.33333333333333,26,32.8333333333333,1.33052521206667,1.36882545806667,1.25827724771667,0.88366387099,0,-10,-0.314804519416667,0.79988038384658,0.956310679611651,1.10126582278481,1.26282051282051,-0.154191956282529,0.137464503735295
"55",1965,"0-2",1.49553563851667,1.33052521206667,-13.9,1.52623443762,NA,0.058716214882,0.0645840293957143,0.003057952542,20.43853377468,9,27,21.3333333333333,1.36882545806667,1.37223209883333,1.58163302468333,1.09268038382,NA,-11.1,0.251107812616667,1.18872833850824,0.592592592592593,0.956310679611651,0.790123456790123,0.028785810034001,-0.154191956282529
"56",1966,"0-2",1.23723965613333,1.36882545806667,-11.4,1.60694378414,NA,0.041940153487,0,0.012231810168,20.35893458463,8.66666666666667,22.8333333333333,29.1666666666667,1.37223209883333,1.49679989496667,1.49553563851667,1.52623443762,NA,-13.9,0.12671018045,1.09256854458929,0.925925925925926,0.592592592592593,1.27737226277372,0.00248873276471524,0.028785810034001
"57",1967,"0-2",0.712757834666667,1.37223209883333,-9.8,1.45380297279,NA,0.075492276277,0.05789158121,0.014229754829,20.27933539457,9.5,22.1666666666667,26.8333333333333,1.49679989496667,1.23035572261667,1.23723965613333,1.60694378414,NA,-11.4,-0.1349924427,0.901625648594891,0.847368421052632,0.925925925925926,1.21052631578947,0.0907774976545443,0.00248873276471524
"58",1968,"0-2",0.7846654545,1.49679989496667,-10.4,0.40872040872,0,0.071298260929,0.0560414457214286,0.01940739644,20.19973620451,9,23.8333333333333,30.3333333333333,1.23035572261667,1.47035136483333,0.712757834666667,1.45380297279,NA,-9.8,-0.7840420603,0.476187790407708,0.923857868020305,0.847368421052632,1.27272727272727,-0.178009213687133,0.0907774976545443
"59",1969,"0-2",1.21488187893333,1.23035572261667,-11.7,1.3317042178,NA,0.008388030697,0.109868093695,0.009173857626,20.12013701446,7.16666666666667,19.8333333333333,26.1666666666667,1.47035136483333,1.66315977611667,0.7846654545,0.40872040872,0,-10.4,-0.445690268116667,0.637754951739655,0.969135802469136,0.923857868020305,1.31932773109244,0.195061995327867,-0.178009213687133
"60",1970,"0-2",1.39055343445,1.47035136483333,-10.2,1.13303505708,NA,0.037746138139,0.0115710570157143,0.009173857626,20.04053782441,11.8333333333333,20.1666666666667,28.5,1.66315977611667,1.1615079198125,1.21488187893333,1.3317042178,NA,-11.7,-0.2554694859,0.826252763788227,0.890625,0.969135802469136,1.41322314049587,0.131130841168151,0.195061995327867
"61",1971,"0-2",1.43693070235,1.66315977611667,-10.3,1.249960136,NA,0.058716214882,0.047957019305,0.009173857626,19.96093863434,9.5,26.6666666666667,33.6666666666667,1.1615079198125,1.3881820814,1.39055343445,1.13303505708,NA,-10.2,-0.272606341666667,0.836091309096485,0.930875576036866,0.890625,1.2625,-0.301625774930344,0.131130841168151
"62",1972,"0-2",1.2930742764875,1.1615079198125,-11.2,1.22098755009,NA,0.026401229763,0.05967104713,0.009173857626,19.88133944428,9.25,18.375,26.25,1.3881820814,1.44251105205,1.43693070235,1.249960136,NA,-10.3,0.2754227825375,1.23712518687084,0.950226244343891,0.930875576036866,1.42857142857143,0.195155071886287,-0.301625774930344
"63",1973,"0-2",1.2944016959875,1.3881820814,-8.9,0.51012445946,0.00517367607,0.082137159263,0.04579491751875,0.012231810168,19.80174025421,10.125,25,31.25,1.44251105205,1.4585338913875,1.2930742764875,1.22098755009,NA,-11.2,-0.0951078049125,0.93148751436369,0.889679715302491,0.950226244343891,1.25,0.0391367756275952,0.195155071886287
"64",1974,"0-2",1.402575939775,1.44251105205,-10,0.68189050465,0,0.052802459526,0.15643081989375,0.009173857626,19.72214106414,8.625,24.25,32.25,1.4585338913875,1.579017882075,1.2944016959875,0.51012445946,0.00517367607,-8.9,-0.1481093560625,0.8973253231911,0.980988593155893,0.889679715302491,1.32989690721649,0.0111076024788367,0.0391367756275952
"65",1975,"0-2",1.4796498499125,1.4585338913875,-10.1,0.87228178364,0.37353941153,0.067469809395,0.12526397481125,0.009173857626,19.64254187411,9.875,25.5,33.125,1.579017882075,2.61308644586,1.402575939775,0.68189050465,0,-10,-0.0559579516124999,0.961634109469155,0.936395759717314,0.980988593155893,1.29901960784314,0.0826062331488808,0.0111076024788367
"66",1976,"0-2",1.4654517425,1.579017882075,-8.6,0.80605873009,0.32594159175,0.054467304173,0.16175097870625,0.009173857626,19.56294268405,6.5,30,34.5,2.61308644586,1.7514386570375,1.4796498499125,0.87228178364,0.37353941153,-10.1,-0.0993680321625001,0.937069723344792,0.945205479452055,0.936395759717314,1.15,0.654880844304386,0.0826062331488808
"67",1977,"0-2",1.9116493425125,2.61308644586,-10.6,0.71707150184,0.30317741708,0.089571482378,0.18684542387125,0.011499458619,19.48334349398,10.8,45.8,56.8,1.7514386570375,1.54932468895714,1.4654517425,0.80605873009,0.32594159175,-8.6,-1.14763470336,0.560812576568894,1.00353356890459,0.945205479452055,1.24017467248908,-0.329743315682356,0.654880844304386
"68",1978,"0-2",1.933171614225,1.7514386570375,-12.1,0.60532009899,0.26282274382,0.029334699737,0.19609919733125,0.009173857626,19.40374430391,5.75,34.375,40.75,1.54932468895714,2.03630300774286,1.9116493425125,0.71707150184,0.30317741708,-10.6,0.160210685475,1.09147376348652,1.01557632398754,1.00353356890459,1.18545454545455,-0.115398827854026,-0.329743315682356
"69",1979,"0-2",1.8110982310625,1.54932468895714,-14,0.77708614418,0.3694004707,0.040132089994,0.09952482807375,0.009173857626,19.32414511387,4.14285714285714,25.7142857142857,33.2857142857143,2.03630300774286,1.90633083037143,1.933171614225,0.60532009899,0.26282274382,-12.1,0.383846925267857,1.24775111892539,1.11483253588517,1.01557632398754,1.29444444444444,0.314316503349276,-0.115398827854026
"70",1980,"0-2",1.8027672857,2.03630300774286,-9.7,0.75225249913,0.26592694951,0.022642377891,0.02128785239,0.009173857626,19.2445459238,7.42857142857143,33.1428571428571,43.8571428571429,1.90633083037143,2.09971245688333,1.8110982310625,0.77708614418,0.3694004707,-14,-0.225204776680357,0.889405075853625,1.08098591549296,1.11483253588517,1.32327586206897,-0.063827523152115,0.314316503349276
"71",1981,"0-2",2.5510362940875,1.90633083037143,-6.8,0.76880826245,0.26075327344,0.041141090256,0.038796051645,0.009173857626,19.16494673374,7.71428571428571,31.2857142857143,40.8571428571429,2.09971245688333,2.28161376336667,1.8027672857,0.75225249913,0.26592694951,-9.7,-0.103563544671428,0.945673886703469,1.04761904761905,1.08098591549296,1.30593607305936,0.101441797735719,-0.063827523152115
"72",1982,"0-2",2.44770052681,2.09971245688333,-11.5,1.19615390504,0.45114455243,0.0629261154,0.178569794297,0.009173857626,19.08534754368,11.1666666666667,31.6666666666667,40.3333333333333,2.28161376336667,2.12339577991667,2.5510362940875,0.76880826245,0.26075327344,-6.8,0.451323837204167,1.21494554443616,0.941634241245136,1.04761904761905,1.27368421052632,0.0866315318018998,0.101441797735719
"73",1983,"0-2",2.42735593649,2.28161376336667,-6.9,1.32135686569,0.51529813553,0.07551133848,0.080045853478,0.009173857626,19.00574835363,11.8333333333333,36.1666666666667,48,2.12339577991667,1.91325916185714,2.44770052681,1.19615390504,0.45114455243,-11.5,0.166086763443333,1.0727935490704,1,0.941634241245136,1.32718894009217,-0.0693447707891363,0.0866315318018998
"74",1984,"0-2",2.74003627817,2.12339577991667,-9,1.62453428277,0.7160367667,0.0629261154,0.065862364101,0.014229754829,18.92614916357,12.8333333333333,38.6666666666667,36.5,1.91325916185714,2.06034201382857,2.42735593649,1.32135686569,0.51529813553,-6.9,0.303960156573333,1.14314814009156,0.70873786407767,1,0.943965517241379,-0.0989625297587107,-0.0693447707891363
"75",1985,"0-2",2.30168958586,1.91325916185714,-10.3,1.72179939268,0.86607337243,0.113099526347,0.024139765468,0.009173857626,18.84654997351,10.8571428571429,30.7142857142857,37,2.06034201382857,1.13185117868571,2.74003627817,1.62453428277,0.7160367667,-9,0.826777116312857,1.43213022720368,0.890034364261168,0.70873786407767,1.2046511627907,0.0768755508420824,-0.0989625297587107
"76",1986,"0-2",2.3226190872,2.06034201382857,-9,1.47656714749,0.66223053564,0.065670692718,0.093147178362,0.009173857626,18.76695078344,10.2857142857143,33.7142857142857,36.1428571428571,1.13185117868571,1.5240576772,2.30168958586,1.72179939268,0.86607337243,-10.3,0.241347572031429,1.11713956732016,0.821428571428572,0.890034364261168,1.07203389830508,-0.45064888688918,0.0768755508420824
"77",1987,"0-2",2.23860428254,1.13185117868571,-5.9,1.33894736425,0.62808427369,0.069319064535,0.061818640584,0.009173857626,18.6873515934,5.85714285714286,19.7142857142857,22.5714285714286,1.5240576772,1.7122846621625,2.3226190872,1.47656714749,0.66223053564,-9,1.19076790851429,2.05205342445902,0.88268156424581,0.821428571428572,1.14492753623188,0.346517727683695,-0.45064888688918
"78",1988,"0-2",2.33339557809,1.5240576772,-9.3,1.30687057265,0.59083380605,0.051077205447,0.146918297924,0.009173857626,18.60775240334,8.71428571428571,25.4285714285714,27.8571428571429,1.7122846621625,1.350931249275,2.23860428254,1.33894736425,0.62808427369,-5.9,0.71454660534,1.46884485805863,0.815899581589958,0.88268156424581,1.09550561797753,0.123503846198466,0.346517727683695
"79",1989,"0-2",2.05075826803,1.7122846621625,-9.7,1.40827462349,0.624980068,0.019952784474,0.058227175739,0.009173857626,18.52815321327,8.5,27.75,32.125,1.350931249275,2.36806284862857,2.33339557809,1.30687057265,0.59083380605,-9.3,0.6211109159275,1.36273811805514,0.886206896551724,0.815899581589958,1.15765765765766,-0.211035828838842,0.123503846198466
"80",1990,"0-2",2.27255910194,1.350931249275,-7.6,1.53658178976,0.70361994414,0.016627320395,0.082101631541,0.009173857626,18.4485540232,6.5,19.625,22.75,2.36806284862857,1.64116467297143,2.05075826803,1.40827462349,0.624980068,-9.7,0.699827018755,1.51803303767721,0.870813397129187,0.886206896551724,1.15923566878981,0.752911445271129,-0.211035828838842
"81",1991,"0-2",2.16514253923,2.36806284862857,-8.5,1.79112665189,0.80605873009,0.065670692718,0.072567521623,0.009173857626,18.36895483315,10,35.5714285714286,42.7142857142857,1.64116467297143,1.34432222391429,2.27255910194,1.53658178976,0.70361994414,-7.6,-0.0955037466885718,0.9596700962798,0.93730407523511,0.870813397129187,1.20080321285141,-0.3069589880514,0.752911445271129
"82",1992,"0-2",2.58488809078,1.64116467297143,-6.6,2.12431139012,1.08543723733,0.025538602724,0.095242155648,0.018680206133,18.2893556431,8.57142857142857,25.7142857142857,28.5714285714286,1.34432222391429,2.57887482295714,2.16514253923,1.79112665189,0.80605873009,-8.5,0.523977866258571,1.3192719627031,0.833333333333333,0.93730407523511,1.11111111111111,-0.180873043361146,-0.3069589880514
"83",1993,"0-2",2.19517465699,1.34432222391429,-9.9,2.03842836753,1.00990156688,0.010945115453,0.02154379917,0.022979136777,18.20975645302,6.14285714285714,21.4285714285714,26,2.57887482295714,1.19336887735714,2.58488809078,2.12431139012,1.08543723733,-6.6,1.24056586686571,1.92281883375664,0.94300518134715,0.833333333333333,1.21333333333333,0.918345748572235,-0.180873043361146
"84",1994,"0-2",2.37438703492,2.57887482295714,-9.5,1.76008459553,0.8671081076,0.040132089994,0.057923686609,0.018680206133,18.13015726297,14.2857142857143,40.7142857142857,45.2857142857143,1.19336887735714,2.10826399794286,2.19517465699,2.03842836753,1.00990156688,-9.9,-0.383700165967143,0.851214117664245,0.823376623376623,0.94300518134715,1.11228070175439,-0.537252112148378,0.918345748572235
"85",1995,"0-2",1.5179941754,1.19336887735714,-8.4,1.36378100933,0.67154315254,0.043780461812,0.110353213569,0.02694557654,18.0505580729,4.28571428571429,20.2857142857143,23.1428571428571,2.10826399794286,1.42977216438571,2.37438703492,1.76008459553,0.8671081076,-9.5,1.18101815756286,1.98965054307295,0.941860465116279,0.823376623376623,1.14084507042254,0.766649053737565,-0.537252112148378
"86",1996,"0-2",2.00271969016,2.10826399794286,-10.9,1.02335312461,0.42941511297,0.007296743635,0.112808648603,0.018680206133,17.97095888285,6.71428571428571,34.4285714285714,37.2857142857143,1.42977216438571,1.22181362361429,1.5179941754,1.36378100933,0.67154315254,-8.4,-0.590269822542857,0.720020916204605,0.90625,0.941860465116279,1.08298755186722,-0.321824892052979,0.766649053737565
"87",1997,"0-2",2.14673081596,1.42977216438571,-10.9,0.92298380908,0.4335540538,0.048621288484,0.128377190322,0.020829671455,17.8913596928,7,26.7142857142857,21.1428571428571,1.22181362361429,1.88921584993333,2.00271969016,1.02335312461,0.42941511297,-10.9,0.572947525774286,1.40072645142063,0.627118644067797,0.90625,0.79144385026738,-0.145448726693302,-0.321824892052979
"88",1998,"0-2",1.85752019695,1.22181362361429,-7.8,0.60221589337,0.21108598321,0.065670692718,0.122343369134,0.020829671455,17.81176050274,5.85714285714286,20.4285714285714,20.5714285714286,1.88921584993333,1.39795889144,2.14673081596,0.92298380908,0.4335540538,-10.9,0.924917192345714,1.75700350239154,0.782608695652174,0.627118644067797,1.00699300699301,0.546238979022663,-0.145448726693302
"89",1999,"0-2",2.33417344792,1.88921584993333,-6.5,0.58566012998,0.17383551557,0.048420940966,0.079440265714,0.022979136777,17.73216131267,10.7777777777778,32.8888888888889,39,1.39795889144,2.00785981244,1.85752019695,0.60221589337,0.21108598321,-7.8,-0.0316956529833334,0.983222852494885,0.893129770992366,0.782608695652174,1.18581081081081,-0.260032202519722,0.546238979022663
"90",2000,"0-2",2.48958007303,1.39795889144,-7.5,0.76466932162,0.26799641989,0.020473431771,0.215791407108,0.022979136777,17.65256212263,12,17.4,18,2.00785981244,2.24426058828889,2.33417344792,0.58566012998,0.17383551557,-6.5,0.93621455648,1.6697010636097,0.612244897959184,0.893129770992366,1.03448275862069,0.436279582135464,-0.260032202519722
"91",2001,"0-2",4.31863435438,2.00785981244,-11.2,1.03059627113,0.42941511297,0.067627743103,0,0.02727806742,17.57296293256,17.6,36.7,29.2,2.24426058828889,2.54670409187,2.48958007303,0.76466932162,0.26799641989,-7.5,0.48172026059,1.23991727789233,0.537753222836096,0.612244897959184,0.795640326975477,0.117737689844795,0.436279582135464
"92",2002,"0-2",2.303166935,2.24426058828889,-9.3,0.88159440061,0.35801838335,0.042614960175,0.174230277111,0.029427532742,17.4933637425,17.4444444444444,41.2222222222222,39.6666666666667,2.54670409187,3.1877747678,4.31863435438,1.03059627113,0.42941511297,-11.2,2.07437376609111,1.9243016505818,0.676136363636364,0.537753222836096,0.962264150943396,0.134763095319384,0.117737689844795
"93",2003,"0-2",2.52813144336667,2.54670409187,-8.2,0.99024159787,0.45321402281,0.027831621695,0.0919166639822222,0.029427532742,17.41376455246,15.8,47.2,46.9,3.1877747678,2.72313422953333,2.303166935,0.88159440061,0.35801838335,-9.3,-0.24353715687,0.904371631691543,0.744444444444444,0.676136363636364,0.99364406779661,0.251725623709692,0.134763095319384
"94",2004,"0-2",3.04223812291,3.1877747678,-8.8,1.22616122616,0.58152118915,0.056470781202,0.03467711488,0.029427532742,17.33416536239,26.5,56,48.25,2.72313422953333,3.4202727842875,2.52813144336667,0.99024159787,0.45321402281,-8.2,-0.659643324433334,0.79307091231901,0.584848484848485,0.744444444444444,0.861607142857143,-0.145757016135532,0.251725623709692
"95",2005,"0-2",3.93762319304,2.72313422953333,-6.6,1.52830390807,0.82882290479,0.0374737519,0.203917148757,0.029427532742,17.25456617232,20.8888888888889,48.4444444444444,41.2222222222222,3.4202727842875,2.94583963326,3.04223812291,1.22616122616,0.58152118915,-8.8,0.319103893376667,1.11718257951293,0.594551282051282,0.584848484848485,0.850917431192661,0.256005946087217,-0.145757016135532
"96",2006,"0-2",2.91293197969,3.4202727842875,-5.8,1.53658178976,0.78329455546,0.060940744969,0.275324891188,0.031576998064,17.17496698227,25.625,66.625,52.875,2.94583963326,2.71515091532,3.93762319304,1.52830390807,0.82882290479,-6.6,0.5173504087525,1.15125998462145,0.573170731707317,0.594551282051282,0.793621013133208,-0.138712079693472,0.256005946087217
"97",2007,"0-2",3.3372467643,2.94583963326,-9.2,1.42689985726,0.7481135582,0.068313980523,0.255221212391,0.029427532742,17.0953677922,23.4,53.4,47.8,2.71515091532,1.83725752401,2.91293197969,1.53658178976,0.78329455546,-5.8,-0.0329076535699997,0.98882910895812,0.622395833333333,0.573170731707317,0.895131086142322,-0.0783100055194481,-0.138712079693472
"98",2008,"0-2",2.84223226003,2.71515091532,-11.7,1.3317042178,0.77191246814,0.089365231958,0.105070780245,0.02727806742,17.01576860214,20.9,44.4,37.3,1.83725752401,1.93982273106667,3.3372467643,1.42689985726,0.7481135582,-9.2,0.62209584898,1.22912017356747,0.571209800918836,0.622395833333333,0.84009009009009,-0.323331342783403,-0.0783100055194481
"99",2009,"0-2",2.9910580585,1.83725752401,-11.2,1.29238427971,0.63636215535,0.055663243389,0.359529647597,0.02727806742,16.9361694121,14.6,30.6,21.8,1.93982273106667,1.30358187786667,2.84223226003,1.3317042178,0.77191246814,-11.7,1.00497473602,1.54699720800519,0.482300884955752,0.571209800918836,0.712418300653595,0.0558251664321983,-0.323331342783403
"100",2010,"0-2",2.98077644561,1.93982273106667,-10.9,0.95506060061,0.44079720029,0.088330986622,0.251437261548,0.02727806742,16.85657022204,14.6666666666667,36.4444444444444,27.1111111111111,1.30358187786667,1.705402053175,2.9910580585,1.29238427971,0.63636215535,-11.2,1.05123532743333,1.54192339877123,0.530434782608696,0.482300884955752,0.74390243902439,-0.327989172933418,0.0558251664321983
"101",2011,"0-2",2.684973732675,1.30358187786667,-12.2,0.53599283975,0.17590498602,0.128481435086,0.33053986223,0.02727806742,16.77697103196,10.1111111111111,25.3333333333333,16.2222222222222,1.705402053175,NA,2.98077644561,0.95506060061,0.44079720029,-10.9,1.67719456774333,2.28660469757994,0.457680250783699,0.530434782608696,0.640350877192982,0.308243143089653,-0.327989172933418
"102",2012,"0-2",1.69857520583333,1.705402053175,-7.9,0.11438958277,0,0.078352386388,0.03539999119,0.02727806742,16.69737184191,13,34.625,21.875,NA,NA,2.684973732675,0.53599283975,0.17590498602,-12.2,0.9795716795,1.574393397543,0.459317585301837,0.457680250783699,0.631768953068592,NA,0.308243143089653
"103",1962,"0-3",0.7376553636,NA,-13.8,0.826288894142857,0.343119964542857,NA,0,0,25.0495962399,NA,NA,NA,NA,0.789206856133333,1.69857520583333,0.11438958277,0,-7.9,NA,NA,NA,0.459317585301837,NA,NA,NA
"104",1963,"0-3",0.887259776033333,NA,-10,0.642824749828572,0,NA,0,0,25.0841183286286,NA,NA,NA,0.789206856133333,1.22977321566667,0.7376553636,0.826288894142857,0.343119964542857,-13.8,NA,NA,NA,NA,NA,NA,NA
"105",1964,"0-3",0.9354358578,0.789206856133333,-11.1,0.7863749391,NA,0.010384542086,0.0963898474866667,0,25.1186404173857,6.33333333333333,9,8,1.22977321566667,0.7797945435,0.887259776033333,0.642824749828572,0,-10,0.0980529199,1.12424235691566,0.521739130434783,NA,0.888888888888889,0.558239397072472,NA
"106",1965,"0-3",0.860016558333333,1.22977321566667,-13.9,1.02095695568571,NA,0.010384542086,0.04600424539,0,25.1531625061286,7,19,17,0.7797945435,0.844508948033333,0.9354358578,0.7863749391,NA,-11.1,-0.294337357866667,0.760657205640062,0.653846153846154,0.521739130434783,0.894736842105263,-0.365903783261966,0.558239397072472
"107",1966,"0-3",1.01673662503333,0.7797945435,-11.4,1.01465475224286,NA,0.010384542086,0.2761095420175,0.00498444362142857,25.1876845948571,5,9.33333333333333,10.3333333333333,0.844508948033333,1.0231706535,0.860016558333333,1.02095695568571,NA,-13.9,0.0802220148333334,1.10287583505428,0.72093023255814,0.653846153846154,1.10714285714286,0.0829890450924056,-0.365903783261966
"108",1967,"0-3",0.8353493753,0.844508948033333,-9.8,1.08467923477143,NA,0.020769084172,0,0,25.2222066836,4.33333333333333,10.6666666666667,14,1.0231706535,1.2517789075,1.01673662503333,1.01465475224286,NA,-11.4,0.172227677,1.20393825003403,0.933333333333333,0.72093023255814,1.3125,0.211556912313041,0.0829890450924056
"109",1968,"0-3",0.920476109766667,1.0231706535,-10.4,0.420146895285714,0,0.010384542086,0.08519078755,0,25.2567287723429,5,13.3333333333333,18.6666666666667,1.2517789075,1.2826773532,0.8353493753,1.08467923477143,NA,-9.8,-0.1878212782,0.816432109778059,1.01818181818182,0.933333333333333,1.4,0.223431206923293,0.211556912313041
"110",1969,"0-3",1.1102452268,1.2517789075,-11.7,1.14770126905714,NA,0.072691794603,0.260562805986667,0,25.2912508610714,11.3333333333333,12.6666666666667,17.3333333333333,1.2826773532,0.9011596207,0.920476109766667,0.420146895285714,0,-10.4,-0.331302797733333,0.735334414289663,0.722222222222222,1.01818181818182,1.36842105263158,0.0246836286462992,0.223431206923293
"111",1970,"0-3",1.218268460725,1.2826773532,-10.2,1.01885622115714,NA,0.034843230096,0.239599089985,0,25.3257729498286,9.25,12.25,15.75,0.9011596207,1.02628623536667,1.1102452268,1.14770126905714,NA,-11.7,-0.1724321264,0.86556858903775,0.732558139534884,0.722222222222222,1.28571428571429,-0.297438581532758,0.0246836286462992
"112",1971,"0-3",0.965347799975,0.9011596207,-10.3,1.20512134477143,NA,0.008710807524,0.191679271986667,0,25.3602950385286,5.75,8.75,12.25,1.02628623536667,0.88381066366,1.218268460725,1.01885622115714,NA,-10.2,0.317108840025,1.35188975708729,0.844827586206897,0.732558139534884,1.4,0.138850667287413,-0.297438581532758
"113",1972,"0-3",0.97493116396,1.02628623536667,-11.2,1.0223574453,NA,0.013027626749,0.026288140224,0.00498444362142857,25.3948171273,3.66666666666667,11.3333333333333,15,0.88381066366,1.05067076762,0.965347799975,1.20512134477143,NA,-10.3,-0.0609384353916667,0.940622378736382,1,0.844827586206897,1.32352941176471,-0.138826349605833,0.138850667287413
"114",1973,"0-3",0.64788018832,0.88381066366,-8.9,0.430650567714286,0.00420146898571429,0.055764471413,0.181894919856,0.0199377744857143,25.4293392160286,3.6,9.6,12.8,1.05067076762,1.00866341802,0.97493116396,1.0223574453,NA,-11.2,0.0911205003,1.10309957103556,0.96969696969697,1,1.33333333333333,0.188796210343294,-0.138826349605833
"115",1974,"0-3",1.14453221818,1.05067076762,-10,0.562996839714286,0,0.048793912486,0.08492360284,0.0199377744857143,25.4638613047571,5.8,11.4,14.8,1.00866341802,0.1395644214,0.64788018832,0.430650567714286,0.00420146898571429,-8.9,-0.4027905793,0.616634828232245,0.86046511627907,0.96969696969697,1.29824561403509,-0.0399814584117114,0.188796210343294
"116",1975,"0-3",1.42940733964,1.00866341802,-10.1,0.908217538714286,0.365527798971429,0.034852794633,0.166852939682,0.0149533308642857,25.4983833935143,3.4,12,15.4,0.1395644214,0.6172920504,1.14453221818,0.562996839714286,0,-10,0.13586880016,1.13470182196823,1,0.86046511627907,1.28333333333333,-0.861634298511624,-0.0399814584117114
"117",1976,"0-3",0.96977815936,0.1395644214,-8.6,0.873905542271429,0.351522902442857,0.03489110535,0,0.0282752106242857,25.5329054822286,2,1,1,0.6172920504,0.49929780594,1.42940733964,0.908217538714286,0.365527798971429,-10.1,1.28984291824,10.241917856294,0.333333333333333,1,1,3.42299007302731,-0.861634298511624
"118",1977,"0-3",0.66850536264,0.6172920504,-10.6,0.606412018928571,0.262591809585714,0.014992376277,0.021030512178,0.03489110535,25.5674275709714,3.5,8.5,10.5,0.49929780594,1.10290377725,0.96977815936,0.873905542271429,0.351522902442857,-8.6,0.35248610896,1.57102000379171,0.875,0.333333333333333,1.23529411764706,-0.191148167846226,3.42299007302731
"119",1978,"0-3",1.01252279128,0.49929780594,-12.1,0.469864277942857,0.170159492585714,0.048793912486,0.025557236264,0.0376274411314286,25.6019496597143,2.6,7.4,6.4,1.10290377725,1.2073374709,0.66850536264,0.606412018928571,0.262591809585714,-10.6,0.1692075567,1.33889104796173,0.64,0.875,0.864864864864865,1.20890972107042,-0.191148167846226
"120",1979,"0-3",1.0225281434,1.10290377725,-14,0.539888760471429,0.2107736925,0.10494663394,0.115007563192,0.0566189756114286,25.6364717484571,2.5,17.5,19.5,1.2073374709,0.995354114266667,1.01252279128,0.469864277942857,0.170159492585714,-12.1,-0.0903809859699998,0.918051793969409,0.975,0.64,1.11428571428571,0.0946897597090446,1.20890972107042
"121",1980,"0-3",1.22905765748,1.2073374709,-9.7,0.597308836185714,0.186965368385714,0.029984752554,0.17736819577,0.124949327178571,25.6709938372,5.5,15.5,21,0.995354114266667,0.972048259866667,1.0225281434,0.539888760471429,0.2107736925,-14,-0.1848093275,0.846928193687027,1,0.975,1.35483870967742,-0.175579207754823,0.0946897597090446
"122",1981,"0-3",1.13025463872857,0.995354114266667,-6.8,0.577701981057143,0.185564878771429,0.03463565791,0.109433417045714,0.18377221705,25.7055159259286,6,12.3333333333333,16,0.972048259866667,1.30482439575,1.22905765748,0.597308836185714,0.186965368385714,-9.7,0.233703543213333,1.23479437103198,0.872727272727273,1,1.2972972972973,-0.0234146361239193,-0.175579207754823
"123",1982,"0-3",1.65726268185714,0.972048259866667,-11.5,0.661731360157143,0.221277364857143,0.011545219303,0.143425473105,0.204253794452857,25.7400380146714,5.33333333333333,13,16.6666666666667,1.30482439575,1.2764894627,1.13025463872857,0.577701981057143,0.185564878771429,-6.8,0.158206378861905,1.16275568343037,0.909090909090909,0.872727272727273,1.28205128205128,0.342345282248619,-0.0234146361239193
"124",1983,"0-3",1.11105528554286,1.30482439575,-6.9,0.773770532214286,0.252088137157143,0.037020912378,0.180016627085714,0.182461092592857,25.7745601034,10.5,17,20,1.2764894627,0.95727321084,1.65726268185714,0.661731360157143,0.221277364857143,-11.5,0.352438286107143,1.27010399809743,0.727272727272727,0.909090909090909,1.17647058823529,-0.0217155144725152,0.342345282248619
"125",1984,"0-3",1.82898764472857,1.2764894627,-9,0.913119252471429,0.357825105842857,0.046897058457,0.116196892055714,0.199095859327143,25.8090821921429,9.66666666666667,15.3333333333333,17.8333333333333,0.95727321084,1.27236965482,1.11105528554286,0.773770532214286,0.252088137157143,-6.9,-0.165434177157143,0.870399104739008,0.713333333333333,0.727272727272727,1.16304347826087,-0.250073550301623,-0.0217155144725152
"126",1985,"0-3",2.10466375592857,0.95727321084,-10.3,1.01045328325714,0.485269664128571,0.038835751706,0.267269216872857,0.19663415444,25.8436042808714,6.2,11.6,13.8,1.27236965482,0.940101416983333,1.82898764472857,0.913119252471429,0.357825105842857,-9,0.871714433888571,1.91062240540885,0.775280898876405,0.713333333333333,1.18965517241379,0.329160411481175,-0.250073550301623
"127",1986,"0-3",1.35004880455714,1.27236965482,-9,0.897713866357143,0.370429512728571,0.03478933882,0.108436399645714,0.202558681604286,25.8781263696,10,17.8,20.4,0.940101416983333,1.13600510086667,2.10466375592857,1.01045328325714,0.485269664128571,-10.3,0.832294101108571,1.65412916596656,0.733812949640288,0.775280898876405,1.14606741573034,-0.261141278069597,0.329160411481175
"128",1987,"0-3",1.2507176511,0.940101416983333,-5.9,1.10708706917143,0.545490719071429,0.064934388633,0.219240933037143,0.198494268755714,25.9126484583571,5.66666666666667,13,14,1.13600510086667,1.13644917226667,1.35004880455714,0.897713866357143,0.370429512728571,-9,0.409947387573809,1.43606719463234,0.75,0.733812949640288,1.07692307692308,0.208385691526733,-0.261141278069597
"129",1988,"0-3",1.92116255412857,1.13600510086667,-9.3,0.9187212111,0.349422167914286,0.059940498801,0.0440474518714286,0.22189517884,25.9471705471,5.83333333333333,12.5,13.5,1.13644917226667,1.1351019678,1.2507176511,1.10708706917143,0.545490719071429,-5.9,0.114712550233333,1.10097890418434,0.736363636363636,0.75,1.08,0.000390906167288348,0.208385691526733
"130",1989,"0-3",1.48034543015714,1.13644917226667,-9.7,1.19461767241429,0.492272112342857,0.039960332534,0.0599929154285714,0.238570051118571,25.9816926358143,5.83333333333333,14.6666666666667,14.8333333333333,1.1351019678,0.972024201825,1.92116255412857,0.9187212111,0.349422167914286,-9.3,0.784713381861905,1.6904958013184,0.723577235772358,0.736363636363636,1.01136363636364,-0.00118545069990192,0.000390906167288348
"131",1990,"0-3",1.66974003165714,1.1351019678,-7.6,1.2695438687,0.557394881114286,0.02397619952,0.0522789329071428,0.269466781157143,26.0162147245571,4.16666666666667,15.1666666666667,15,0.972024201825,0.93269931895,1.48034543015714,1.19461767241429,0.492272112342857,-9.7,0.345243462357143,1.30415193713942,0.775862068965517,0.723577235772358,0.989010989010989,-0.143667944027152,-0.00118545069990192
"132",1991,"0-3",1.12068684264286,0.972024201825,-8.5,1.43970336135714,0.672935277357143,0.016795597846,0.01825516876,0.28329694163,26.0507368133286,7.25,13.25,11,0.93269931895,1.39908163224,1.66974003165714,1.2695438687,0.557394881114286,-7.6,0.697715829832143,1.71779676732551,0.536585365853659,0.775862068965517,0.830188679245283,-0.0404566911000431,-0.143667944027152
"133",1992,"0-3",1.08645754641429,0.93269931895,-6.6,1.6035606505,0.805281549357143,0.041944664565,0.04275536927,0.286973360955714,26.0852589020286,3.5,13.5,20.5,1.39908163224,1.27951669474,1.12068684264286,1.43970336135714,0.672935277357143,-8.5,0.187987523692857,1.2015521185375,1.20588235294118,0.536585365853659,1.51851851851852,0.500035010012698,-0.0404566911000431
"134",1993,"0-3",1.88321600557143,1.39908163224,-9.9,1.55944522647143,0.8199866907,0.046155649786,0.16305323216,0.276034458172857,26.1197809907714,4.4,16,21.4,1.27951669474,1.00418100784,1.08645754641429,1.6035606505,0.805281549357143,-6.6,-0.312624085825714,0.776550503829296,1.04901960784314,1.20588235294118,1.3375,-0.0854595863063191,0.500035010012698
"135",1994,"0-3",1.24717481327143,1.27951669474,-9.5,1.39208671318571,0.674335766971428,0.056096085798,0.0969968240371429,0.272681465655714,26.1543030795286,5.8,17.6,20.8,1.00418100784,0.7883305075,1.88321600557143,1.55944522647143,0.8199866907,-9.9,0.603699310831428,1.47181823677111,0.888888888888889,1.04901960784314,1.18181818181818,-0.215187256275659,-0.0854595863063191
"136",1995,"0-3",1.13346138564286,1.00418100784,-8.4,1.15190273804286,0.602910794785714,0.034520668184,0.0933167009485714,0.276014405401429,26.1888251682571,2.4,13.4,15,0.7883305075,0.85476132502,1.24717481327143,1.39208671318571,0.674335766971428,-9.5,0.242993805431429,1.24198207647256,0.949367088607595,0.888888888888889,1.11940298507463,-0.214951785240687,-0.215187256275659
"137",1996,"0-3",0.647621163014286,0.7883305075,-10.9,0.760465880557143,0.203771244214286,0.043150835229,0.0801369416485714,0.248619414331429,26.2233472569857,2.6,11,11.2,0.85476132502,1.29097009162,1.13346138564286,1.15190273804286,0.602910794785714,-8.4,0.345130878142857,1.43779972341468,0.823529411764706,0.949367088607595,1.01818181818182,0.0842677238645366,-0.214951785240687
"138",1997,"0-3",1.91927348397143,0.85476132502,-10.9,0.6939426221,0.196768795971429,0.050251267184,0.144450880054286,0.245266421814286,26.2578693457429,3.2,18,11.8,1.29097009162,1.2729216311,0.647621163014286,0.760465880557143,0.203771244214286,-10.9,-0.207140162005714,0.757663155851293,0.556603773584906,0.823529411764706,0.655555555555556,0.510328151065788,0.0842677238645366
"139",1998,"0-3",1.58783326298571,1.29097009162,-7.8,0.464364594285714,0.0948106548428571,0.051781002275,0.00333293974571429,0.234212702664286,26.2923914344714,7.6,19.2,20.2,1.2729216311,2.04825222351667,1.91927348397143,0.6939426221,0.196768795971429,-10.9,0.628303392351429,1.48669089735688,0.753731343283582,0.556603773584906,1.05208333333333,-0.0139805411737707,0.510328151065788
"140",1999,"0-3",2.52201549158571,1.2729216311,-6.5,0.587549240714286,0.132873326557143,0.047805385913,0.08266984876,0.230879762918571,26.3269135231857,7.85714285714286,20.2857142857143,16.8571428571429,2.04825222351667,1.26459156858571,1.58783326298571,0.464364594285714,0.0948106548428571,-7.8,0.314911631885714,1.24739278852036,0.598984771573604,0.753731343283582,0.830985915492958,0.609095307577311,-0.0139805411737707
"141",2000,"0-3",2.17805842454286,2.04825222351667,-7.5,0.687896284257143,0.206230475585714,0.073703874102,0.0456379219014286,0.227526770401429,26.3614356119429,16.6666666666667,28.1666666666667,22.8333333333333,1.26459156858571,2.15887348818,2.52201549158571,0.587549240714286,0.132873326557143,-6.5,0.473763268069047,1.23130123459875,0.509293680297398,0.598984771573604,0.810650887573964,-0.382599684713378,0.609095307577311
"142",2001,"0-3",3.15903770972,1.26459156858571,-11.2,0.987553317514286,0.397927931028571,0.04439071549,0.089189600964,0.224173777884286,26.3959577006857,12.1428571428571,21.2857142857143,12.4285714285714,2.15887348818,1.8436347916,2.17805842454286,0.687896284257143,0.206230475585714,-7.5,0.913466855957143,1.72234140939176,0.371794871794872,0.509293680297398,0.583892617449664,0.707170553568079,-0.382599684713378
"143",2002,"0-3",2.28263282761429,2.15887348818,-9.3,0.834610582271429,0.333567413442857,0.059216638371,0.0547655062814286,0.219189334262857,26.4304797894286,13.4,37.4,31.2,1.8436347916,2.3796838709,3.15903770972,0.987553317514286,0.397927931028571,-11.2,1.00016422154,1.4632806076947,0.614173228346457,0.371794871794872,0.834224598930481,-0.146019995291969,0.707170553568079
"144",2003,"0-3",2.47225061127143,1.8436347916,-8.2,0.918348459957143,0.431838311214286,0.034146704223,0.02952151457,0.214184837868571,26.4650018781571,11.4285714285714,27.7142857142857,23.1428571428571,2.3796838709,2.22658503892857,2.28263282761429,0.834610582271429,0.333567413442857,-9.3,0.438998036014286,1.23811550856735,0.591240875912409,0.614173228346457,0.835051546391752,0.290756651882659,-0.146019995291969
"145",2004,"0-3",2.84827195548571,2.3796838709,-8.8,1.14672448994286,0.552946811985714,0.01958273635,0,0.217537830387143,26.4995239669143,18.6666666666667,34,28.1666666666667,2.22658503892857,1.74704175377143,2.47225061127143,0.918348459957143,0.431838311214286,-8.2,0.0925667403714283,1.03889875521004,0.534810126582278,0.591240875912409,0.82843137254902,-0.064335785876267,0.290756651882659
"146",2005,"0-3",2.64015297122857,2.22658503892857,-6.6,1.31627639094286,0.707273644357143,0.027283555062,0.108338495361429,0.221810853675714,26.5340460556286,12.2857142857143,30.1428571428571,28,1.74704175377143,2.14445506372,2.84827195548571,1.14672448994286,0.552946811985714,-8.8,0.621686916557143,1.27921094666849,0.65993265993266,0.534810126582278,0.928909952606635,-0.215371646163534,-0.064335785876267
"147",2006,"0-3",2.64319475927143,1.74704175377143,-5.8,1.40970294865714,0.737031733071429,0.027283555062,0.249554339955714,0.230938438055714,26.5685681443714,13.5714285714286,26.1428571428571,20.1428571428571,2.14445506372,2.70140659367143,2.64015297122857,1.31627639094286,0.707273644357143,-6.6,0.893111217457143,1.51121343581465,0.507194244604317,0.65993265993266,0.770491803278688,0.227477854545065,-0.215371646163534
"148",2007,"0-3",3.20847122797143,2.14445506372,-9.2,1.46921912618571,0.871289156757143,0.029296031923,0.162706048815714,0.204284799311429,26.6030902331143,13,36,28,2.70140659367143,2.69166420867143,2.64319475927143,1.40970294865714,0.737031733071429,-5.8,0.498739695551428,1.23257176333006,0.571428571428571,0.507194244604317,0.777777777777778,0.259717043911977,0.227477854545065
"149",2008,"0-3",3.18804303164286,2.70140659367143,-11.7,1.38478919995714,0.843607213757143,0.017073352112,0.16972243019,0.204284799311429,26.6376123218429,22.5714285714286,36.4285714285714,33.5714285714286,2.69166420867143,1.62599307185714,3.20847122797143,1.46921912618571,0.871289156757143,-9.2,0.5070646343,1.18770393005181,0.569007263922518,0.571428571428571,0.92156862745098,-0.00360641194214283,0.259717043911977
"150",2009,"0-3",3.72791210502857,2.69166420867143,-11.2,1.41454728867143,0.820769610714286,0.040925332594,0.0501144128185714,0.204284799311429,26.6721344106,19.8571428571429,34.5714285714286,26.8571428571429,1.62599307185714,1.30357970201429,3.18804303164286,1.38478919995714,0.843607213757143,-11.7,0.496378822971429,1.18441335340876,0.493438320209974,0.569007263922518,0.776859504132231,-0.395915334974227,-0.00360641194214283
"151",2010,"0-3",3.23666457327143,1.62599307185714,-10.9,1.18824740444286,0.653985904014286,0.118228738604,0.275351342208571,0.223391150157143,26.7066564993143,12.8571428571429,23.1428571428571,17.4285714285714,1.30357970201429,1.21247300225714,3.72791210502857,1.41454728867143,0.820769610714286,-11.2,2.10191903317143,2.29269864032736,0.484126984126984,0.493438320209974,0.753086419753086,-0.198287050186881,-0.395915334974227
"152",2011,"0-3",1.88612216445714,1.30357970201429,-12.2,0.404156368171429,0.191697455442857,0.050019850948,0.0831379351071429,0.240029631745714,26.7411785880714,11,22.1428571428571,11.4285714285714,1.21247300225714,NA,3.23666457327143,1.18824740444286,0.653985904014286,-10.9,1.93308487125714,2.48290501015791,0.344827586206897,0.484126984126984,0.516129032258065,-0.0698896274745343,-0.198287050186881
"153",2012,"0-3",1.65103543195,1.21247300225714,-7.9,0.0999586124714286,0,0.027283555062,0.06237863956,0.250028450984286,26.7757006767714,7.85714285714286,20,12.1428571428571,NA,NA,1.88612216445714,0.404156368171429,0.191697455442857,-12.2,0.6736491622,1.55559930897095,0.435897435897436,0.344827586206897,0.607142857142857,NA,-0.0698896274745343
"154",1962,"0-4",0.3557738715,NA,-13.8,0.1831863146,0.0760927768,NA,0,0.0268446951033333,24.2434437037,NA,NA,NA,NA,1.2197961308,1.65103543195,0.0999586124714286,0,-7.9,NA,NA,NA,0.435897435897436,NA,NA,NA
"155",1963,"0-4",0.457423549,NA,-10,0.0789110278,0,NA,0.15247451635,0.00990308217666667,24.5109630032333,NA,NA,NA,1.2197961308,1.168971292,0.3557738715,0.1831863146,0.0760927768,-13.8,NA,NA,NA,NA,NA,NA,NA
"156",1964,"0-4",0.5590732266,1.2197961308,-11.1,0.2066717395,NA,0,0.3049490327,0.00990308217666667,24.7784823028667,3,10,11,1.168971292,0.711547743,0.457423549,0.0789110278,0,-10,-0.7623725818,0.37499999995901,0.846153846153846,NA,1.1,-0.0416666666803302,NA
"157",1965,"0-4",1.5247451635,1.168971292,-13.9,0.1878833996,NA,0.101649677566,0,0.00990308217666667,25.0460016024333,1,12,10,0.711547743,3.1511400046,0.5590732266,0.2066717395,NA,-11.1,-0.6098980654,0.478260869557779,0.769230769230769,0.846153846153846,0.833333333333333,-0.391304347788893,-0.0416666666803302
"158",1966,"0-4",0.8640222593,0.711547743,-11.4,0.2611579254,NA,0.101649677566,0.20329935513,0.00990308217666667,25.3135209019667,2,6,6,3.1511400046,3.7102132312,1.5247451635,0.1878833996,NA,-13.9,0.8131974205,2.14285714275676,0.75,0.769230769230769,1,3.42857142841081,-0.391304347788893
"159",1967,"0-4",2.1346432289,3.1511400046,-9.8,0.2376725004,NA,0,0.20329935513,0.00990308217666667,25.5810402015667,2,28,32,3.7102132312,2.7445412943,0.8640222593,0.2611579254,NA,-11.4,-2.2871177453,0.274193548378907,1.06666666666667,0.75,1.14285714285714,0.177419354831544,3.42857142841081
"160",1968,"0-4",2.2871177452,3.7102132312,-10.4,0.1033358698,0,0.152474516349,0.96567193688,0.00990308217666667,25.8485595011333,0,30,43,2.7445412943,2.06371094745,2.1346432289,0.2376725004,NA,-9.8,-1.5755700023,0.57534246575084,1.43333333333333,1.06666666666667,1.43333333333333,-0.260273972606063,0.177419354831544
"161",1969,"0-4",2.1346432289,2.7445412943,-11.7,0.3053105243,NA,0.203299355132,0.044730802415,0.00990308217666667,26.1160788007,3,21,30,2.06371094745,1.32455463015,2.2871177452,0.1033358698,0,-10.4,-0.4574235491,0.833333333315115,1.25,1.43333333333333,1.42857142857143,-0.248067080740954,-0.260273972606063
"162",1970,"0-4",1.28695413795,2.06371094745,-10.2,0.2639761764,NA,0,0.453402060515,0.00990308217666667,26.3835981003,7.5,16,22.5,1.32455463015,3.3544393597,2.1346432289,0.3053105243,NA,-11.7,0.0709322814500002,1.03437122894446,0.957446808510638,1.25,1.40625,-0.358168530439464,-0.248067080740954
"163",1971,"0-4",2.08394199725,1.32455463015,-10.3,0.2357936665,NA,0.175602251638,0.101649677565,0.00990308217666667,26.6511173998333,4.5,9,14,3.3544393597,2.3330084287,1.28695413795,0.2639761764,NA,-10.2,-0.0376004921999999,0.97161272827551,1.03703703703704,0.957446808510638,1.55555555555556,1.53250359278886,-0.358168530439464
"164",1972,"0-4",1.8735123318,3.3544393597,-11.2,0.3607361272,NA,0.050824838783,0.58552191992,0.00990308217666667,26.9186366994333,4,25,37,2.3330084287,1.306272521,2.08394199725,0.2357936665,NA,-10.3,-1.27049736245,0.621248970032469,1.27586206896552,1.03703703703704,1.48,-0.304501235965509,1.53250359278886
"165",1973,"0-4",1.49945635125,2.3330084287,-8.9,0.1963381525,0.001878834,0.021950281455,0.08946160483,0.00990308217666667,27.186155999,4,18.5,27,1.306272521,1.94871331605,1.8735123318,0.3607361272,NA,-11.2,-0.4594960969,0.803045676454739,1.2,1.27586206896552,1.45945945945946,-0.440090955124461,-0.304501235965509
"166",1974,"0-4",1.744377687,1.306272521,-10,0.1578220556,0,0.065850844364,0.617028375685,0.00990308217666667,27.4536752985667,3,11.5,13,1.94871331605,3.2527896821,1.49945635125,0.1963381525,0.001878834,-8.9,0.19318383025,1.14788937770972,0.896551724137931,1.2,1.1304347826087,0.491812225031104,-0.440090955124461
"167",1975,"0-4",1.9650464845,1.94871331605,-10.1,0.3015528563,0.1155482907,0.065850844364,0.286666923595,0.01980616435,27.7211945981333,3.5,16.5,20.5,3.2527896821,1.36215512225,1.744377687,0.1578220556,0,-10,-0.20433562905,0.895143309502198,1.025,0.896551724137931,1.24242424242424,0.669198673457692,0.491812225031104
"168",1976,"0-4",1.26763575495,3.2527896821,-8.6,0.2076111565,0.0695168578,0.050824838783,0,0.01980616435,27.9887138977333,7,23,34,1.36215512225,1.5675270252,1.9650464845,0.3015528563,0.1155482907,-10.1,-1.2877431976,0.604111140450792,1.13333333333333,1.025,1.47826086956522,-0.58123479985629,0.669198673457692
"169",1977,"0-4",1.83085407725,1.36215512225,-10.6,0.2019746545,0.0836081128,0.109751407274,0.24803015755,0.0753845433233333,28.2562331973,0.5,11.5,16,1.5675270252,1.6263948411,1.26763575495,0.2076111565,0.0695168578,-8.6,-0.0945193672999998,0.93061042332398,1.33333333333333,1.13333333333333,1.39130434782609,0.150769834944179,-0.58123479985629
"170",1978,"0-4",1.8421294832,1.5675270252,-12.1,0.1803680636,0.0638803559,0.04390056291,0.375092254505,0.0367477772766667,28.5237524968667,0,14,19,1.6263948411,2.337942584,1.83085407725,0.2019746545,0.0836081128,-10.6,0.26332705205,1.1679888434564,1.35714285714286,1.33333333333333,1.35714285714286,0.0375545779776837,0.150769834944179
"171",1979,"0-4",1.66814042885,1.6263948411,-14,0.1418519667,0.0563650199,0.101649677566,0.241936121175,0.0367477772766667,28.7912717964333,1,15,16,2.337942584,1.62160804575,1.8421294832,0.1803680636,0.0638803559,-12.1,0.2157346421,1.1326459213029,1,1.35714285714286,1.06666666666667,0.437499999950043,0.0375545779776837
"172",1980,"0-4",1.24533215735,2.337942584,-9.7,0.1409125497,0.0403949309,0,0.20329935513,0.0367477772766667,29.058791096,7,18,21,1.62160804575,2.943790941,1.66814042885,0.1418519667,0.0563650199,-14,-0.66980215515,0.713507868099981,0.84,1,1.16666666666667,-0.306395265286806,0.437499999950043
"173",1981,"0-4",1.82294183373333,1.62160804575,-6.8,0.1258818777,0.0432131819,0.018749423419,0.211893009403333,0.0893503164133333,29.3263103956,4.5,16.5,21.5,2.943790941,1.2060471378,1.24533215735,0.1409125497,0.0403949309,-9.7,-0.3762758884,0.767961259574307,1.02380952380952,0.84,1.3030303030303,0.815352944699091,-0.306395265286806
"174",1982,"0-4",2.47875804096667,2.943790941,-11.5,0.2170053265,0.0760927768,0.037498846837,0.239428553783333,0.0625056213066667,29.5938296951667,12,27,34.5,1.2060471378,1.64328153726667,1.82294183373333,0.1258818777,0.0432131819,-6.8,-1.12084910726667,0.61924976000982,0.884615384615385,1.02380952380952,1.27777777777778,-0.590308156397034,0.815352944699091
"175",1983,"0-4",3.63489816723333,1.2060471378,-6.9,0.2536425894,0.0883051978,0,0.49199762418,0.0496266992933333,29.8613489947,7,9.5,14.5,1.64328153726667,1.7829985541,2.47875804096667,0.2170053265,0.0760927768,-11.5,1.27271090316667,2.05527459356876,0.878787878787879,0.884615384615385,1.52631578947368,0.362535083217596,-0.590308156397034
"176",1984,"0-4",1.98198375783333,1.64328153726667,-9,0.3832821351,0.1418519667,0.037870631918,0.505852108853333,0.0367477772766667,30.1288682943333,9.66666666666667,12.6666666666667,15.6666666666667,1.7829985541,2.07399768085,3.63489816723333,0.2536425894,0.0883051978,-6.9,1.99161662996667,2.21197529747666,0.701492537313433,0.878787878787879,1.23684210526316,0.0850231768962304,0.362535083217596
"177",1985,"0-4",1.60581402706667,1.7829985541,-10.3,0.4650114139,0.2292177475,0.088364807808,0.470436878263333,0.0635924723833333,30.3963875938667,6.66666666666667,16.6666666666667,17.6666666666667,2.07399768085,1.273156025,1.98198375783333,0.3832821351,0.1418519667,-9,0.198985203733334,1.11160143864153,0.757142857142857,0.701492537313433,1.06,0.163207718862614,0.0850231768962304
"178",1986,"0-4",2.3988526684,2.07399768085,-9,0.3391295362,0.1380942987,0.037498846837,0.52064313842,0.0635924723833333,30.6639068934333,8,18,20,1.273156025,2.57207565886667,1.60581402706667,0.4650114139,0.2292177475,-10.3,-0.468183653783333,0.774260280951011,0.769230769230769,0.757142857142857,1.11111111111111,-0.386134306342033,0.163207718862614
"179",1987,"0-4",1.42797766843333,1.273156025,-5.9,0.4077069771,0.1850651486,0.100988351781,0.121455841916667,0.0466508594533333,30.9314261930333,7.66666666666667,10,14,2.57207565886667,1.93257963533333,2.3988526684,0.3391295362,0.1380942987,-9,1.1256966434,1.88417807503208,0.792452830188679,0.769230769230769,1.4,1.02023601849323,-0.386134306342033
"180",1988,"0-4",1.9398638617,2.57207565886667,-9.3,0.3372507022,0.1174271247,0.012623543973,0.186357742203333,0.0466508594533333,31.1989454926,11.6666666666667,22.6666666666667,25,1.93257963533333,2.1868151177,1.42797766843333,0.4077069771,0.1850651486,-5.9,-1.14409799043333,0.555184939257402,0.728155339805825,0.792452830188679,1.10294117647059,-0.248630331432441,1.02023601849323
"181",1989,"0-4",1.78519537506667,1.93257963533333,-9.7,0.429313568,0.1615797236,0.088364807808,0.13553290342,0.0466508594533333,31.4664647921667,9.66666666666667,17.6666666666667,18.6666666666667,2.1868151177,2.52417750806667,1.9398638617,0.3372507022,0.1174271247,-9.3,0.00728422636666681,1.00376917268168,0.682926829268293,0.728155339805825,1.05660377358491,0.131552396454191,-0.248630331432441
"182",1990,"0-4",1.91471598086667,2.1868151177,-7.6,0.4640719969,0.1869439826,0.037870631918,0.17788693574,0.0466508594533333,31.7339840917333,7.66666666666667,19.3333333333333,23.6666666666667,2.52417750806667,NA,1.78519537506667,0.429313568,0.1615797236,-9.7,-0.401619742633333,0.816344902967499,0.876543209876543,0.682926829268293,1.22413793103448,0.154271107619509,0.131552396454191
"183",1991,"0-4",2.50595686956667,2.52417750806667,-8.5,0.4744055839,0.1963381525,0.025247087945,0.237182580986667,0.0466508594533333,32.0015033913,8,26.6666666666667,24.6666666666667,NA,2.00344620003333,1.91471598086667,0.4640719969,0.1869439826,-7.6,-0.6094615272,0.758550448511522,0.711538461538461,0.876543209876543,0.925,NA,0.154271107619509
"184",1992,"0-4",2.22744924666667,NA,-6.6,0.5288917698,0.2273389135,NA,0.168463685403333,0.0466508594533333,32.2690226909333,NA,NA,NA,2.00344620003333,1.6534245502,2.50595686956667,0.4744055839,0.1963381525,-8.5,NA,NA,NA,0.711538461538461,NA,NA,NA
"185",1993,"0-4",2.96630419226667,2.00344620003333,-9.9,0.5890144576,0.2592790914,0.075741263835,0.237182580986667,0.0466508594533333,32.5365419904667,8,20.6666666666667,20,1.6534245502,3.18516346176667,2.22744924666667,0.5288917698,0.2273389135,-6.6,0.224003046633333,1.11180886545873,0.697674418604651,NA,0.967741935483871,-0.174709782487551,NA
"186",1994,"0-4",3.24163645356667,1.6534245502,-9.5,0.5692867007,0.2620973424,0.063117719863,0,0.0466508594533333,32.8040612900333,9.66666666666667,16.3333333333333,18.6666666666667,3.18516346176667,2.468989366,2.96630419226667,0.5890144576,0.2592790914,-9.9,1.31287964206667,1.79403662048435,0.717948717948718,0.697674418604651,1.14285714285714,0.926403875750718,-0.174709782487551
"187",1995,"0-4",3.1305837642,3.18516346176667,-8.4,0.5091640128,0.2498849214,0.088364807808,0.474365161976667,0.0466508594533333,33.0715805896,10.3333333333333,32.6666666666667,38,2.468989366,1.6308651228,3.24163645356667,0.5692867007,0.2620973424,-9.5,0.0564729917999998,1.01773001369565,0.883720930232558,0.717948717948718,1.16326530612245,-0.224846889135617,0.926403875750718
"188",1996,"0-4",1.5181792744,2.468989366,-10.9,0.438707738,0.1878833996,0.012623543973,0.0508248387833333,0.0466508594533333,33.3390998892,9.33333333333333,27,26,1.6308651228,2.21743487603333,3.1305837642,0.5091640128,0.2498849214,-8.4,0.6615943982,1.26796162320936,0.715596330275229,0.883720930232558,0.962962962962963,-0.33946045079888,-0.224846889135617
"189",1997,"0-4",3.881365188,1.6308651228,-10.9,0.440586572,0.1982169865,0,1.20980639765,0.0466508594533333,33.6066191887333,5,21,17.3333333333333,2.21743487603333,2.09536622036667,1.5181792744,0.438707738,0.1878833996,-10.9,-0.1126858484,0.930904250250608,0.666666666666667,0.715596330275229,0.825396825396825,0.359667850537059,-0.33946045079888
"190",1998,"0-4",4.1288541365,2.21743487603333,-7.8,0.3353718682,0.1587614726,0.113611895753,0.505590514256667,0.0466508594533333,33.8741384883333,11.3333333333333,22.6666666666667,23,2.09536622036667,4.1110778901,3.881365188,0.440586572,0.1982169865,-10.9,1.66393031196667,1.75038519956139,0.676470588235294,0.666666666666667,1.01470588235294,-0.055049488481497,0.359667850537059
"191",1999,"0-4",2.76037299666667,2.09536622036667,-6.5,0.3926763051,0.1672162256,0.113611895753,0.32475519705,0.0466508594533333,34.1416577879,11.3333333333333,21.3333333333333,18,4.1110778901,2.09000423563333,4.1288541365,0.3353718682,0.1587614726,-7.8,2.03348791613333,1.97046897882008,0.551020408163265,0.676470588235294,0.84375,0.961985379997491,-0.055049488481497
"192",2000,"0-4",4.25581359016667,4.1110778901,-7.5,0.4067675601,0.1728527276,0.050384908977,0.21258385868,0.0466508594533333,34.4091770874667,14.5,59,48.5,2.09000423563333,2.51533745815,2.76037299666667,0.3926763051,0.1672162256,-6.5,-1.35070489343333,0.671447506094204,0.659863945578231,0.551020408163265,0.822033898305085,-0.49161648319378,0.961985379997491
"193",2001,"0-4",5.73527812673333,2.09000423563333,-11.2,0.5758626197,0.2583396744,0,0.148546232636667,0.0466508594533333,34.6766963870667,10,23,19,2.51533745815,4.22183066933333,4.25581359016667,0.4067675601,0.1728527276,-7.5,2.16580935453333,2.03627031831207,0.575757575757576,0.659863945578231,0.826086956521739,0.203508306473732,-0.49161648319378
"194",2002,"0-4",4.0396107393,2.51533745815,-9.3,0.442465406,0.2057323225,0,0.30909412837,0.0466508594533333,34.9442156866,12,32,31.5,4.22183066933333,5.23382973453333,5.73527812673333,0.5758626197,0.2583396744,-11.2,3.21994066858333,2.28012273587798,0.715909090909091,0.575757575757576,0.984375,0.678435096513228,0.203508306473732
"195",2003,"0-4",3.94553000143333,4.22183066933333,-8.2,0.5204370168,0.2386119174,0.063117719863,0.344561361403333,0.0635924723833333,35.2117349861667,18.3333333333333,46.3333333333333,38,5.23382973453333,5.55867740673333,4.0396107393,0.442465406,0.2057323225,-9.3,-0.182219930033333,0.956838645529545,0.587628865979381,0.715909090909091,0.820143884892086,0.239706218572666,0.678435096513228
"196",2004,"0-4",4.18892009186667,5.23382973453333,-8.8,0.6510159795,0.3015528563,0.075741263835,0.09352429574,0.0466508594533333,35.4792542858,16.6666666666667,58.6666666666667,49.3333333333333,5.55867740673333,6.60971075843333,3.94553000143333,0.5204370168,0.2386119174,-8.2,-1.2882997331,0.75385142458883,0.654867256637168,0.587628865979381,0.840909090909091,0.0620669163264182,0.239706218572666
"197",2005,"0-4",4.7402090217,5.55867740673333,-6.6,0.7148963353,0.414282896,0.037870631918,0.116306299933333,0.0466508594533333,35.7467735853333,24,57,59.6666666666667,6.60971075843333,4.19744724033333,4.18892009186667,0.6510159795,0.3015528563,-8.8,-1.36975731486667,0.753582153695868,0.736625514403292,0.654867256637168,1.04678362573099,0.189079753113009,0.0620669163264182
"198",2006,"0-4",6.63426026513333,6.60971075843333,-5.8,0.7308664243,0.3785850501,0.037870631918,0.62285939217,0.0496266992933333,36.0142928849,25,71.6666666666667,71,4.19744724033333,3.60678306196667,4.7402090217,0.7148963353,0.414282896,-6.6,-1.86950173673333,0.717158313720758,0.73448275862069,0.736625514403292,0.990697674418605,-0.364957500602003,0.189079753113009
"199",2007,"0-4",5.76051994206667,4.19744724033333,-9.2,0.7815949422,0.4668902479,0.037870631918,0.345547058163333,0.0326850863666667,36.2818121844667,17,45.6666666666667,40.3333333333333,3.60678306196667,2.88090090913333,6.63426026513333,0.7308664243,0.3785850501,-5.8,2.4368130248,1.58054643340948,0.643617021276596,0.73448275862069,0.883211678832117,-0.140719857700882,-0.364957500602003
"200",2008,"0-4",6.45020917733333,3.60678306196667,-11.7,0.874597225,0.5439224417,0.214600247534,0.06932157523,0.0326850863666667,36.5493314840667,17,36.3333333333333,37.3333333333333,2.88090090913333,3.49803848196667,5.76051994206667,0.7815949422,0.4668902479,-9.2,2.1537368801,1.59713513208239,0.7,0.643617021276596,1.02752293577982,-0.201254730423829,-0.140719857700882
"201",2009,"0-4",4.83500664186667,2.88090090913333,-11.2,0.7299270073,0.411464645,0.012623543973,0.74220366849,0.0326850863666667,36.8168507836333,18.6666666666667,29.3333333333333,22,3.49803848196667,1.3017061498,6.45020917733333,0.874597225,0.5439224417,-11.7,3.5693082682,2.23895558395785,0.458333333333333,0.7,0.75,0.21421686906232,-0.201254730423829
"202",2010,"0-4",3.54308506603333,3.49803848196667,-10.9,0.5551954457,0.3410083702,0.088364807808,0.916262049543333,0.123924391546667,37.0843700832,20,38,25.3333333333333,1.3017061498,2.62888257963333,4.83500664186667,0.7299270073,0.411464645,-11.2,1.3369681599,1.38220510345796,0.436781609195402,0.458333333333333,0.666666666666667,-0.627875406028079,0.21421686906232
"203",2011,"0-4",3.21891228043333,1.3017061498,-12.2,0.2113688245,0.1052147038,0.012623543973,0.47853337643,0.15374492649,37.3518893827667,7.66666666666667,14.6666666666667,9,2.62888257963333,NA,3.54308506603333,0.5551954457,0.3410083702,-10.9,2.24137891623333,2.72187779598161,0.402985074626866,0.436781609195402,0.613636363636364,1.01956684312911,-0.627875406028079
"204",2012,"0-4",2.5234592938,2.62888257963333,-7.9,0.0883051978,0,0.012623543973,0.26954393621,0.166623848506667,37.6194086823667,10.6666666666667,31.3333333333333,20.3333333333333,NA,NA,3.21891228043333,0.2113688245,0.1052147038,-12.2,0.5900297008,1.22444125324239,0.484126984126984,0.402985074626866,0.648936170212766,NA,1.01956684312911
